Titulo,TituloCorto,Descripcion,Tutor1,Tutor2,Tutor3,FechaAsignacion,FechaPresentacion,TotalDias,EnlaceRepositorio,Videodemo,Videopresentacion,Calidaddecodigo,Despliegue,
(Ejemplo presencial) GII16.H Monitorización del estado de una colmena mediante un smartphone<br> <a href=http://digit-moodle.blogspot.com.es/2017/02/un-tfg-en-ingenieria-informatica-de-10.html>Repositorio software</a><br>,(Ejemplo presencial) GII16.H Monitorización del estado de una colmena mediante un smartphone,"Se propone el desarrollo de una aplicación para smartphone que sea capáz de monitorizar el estado de una colmena a través de la cámara de este.
La actividad de una colmena se puede medir en base al número de abejas que entran y salen de esta. Una colmena sana tiene un patrón de actividad bien deﬁnido a lo largo del día, En cambio, este patrón varía en colmenas enfermas o amenazadas, lo que permitiría a la aplicación detectar la situación.",Raúl Marticorena Sánchez,José Francisco Díez Pastor,,30/09/2016,15/02/2017,138,http://digit-moodle.blogspot.com.es/2017/02/un-tfg-en-ingenieria-informatica-de-10.html,,,,,
GII_O_MB_17.10 Generador de mapas de calor en tiempo real<br> <a href=https://www.youtube.com/watch?v=7Z6jsWn5dMs&list=PLbfgDC115L3ChawVdhepSh-Fl5ER1_RNA&index=2>Vídeo demostración</a> <br> <a href=https://codebeat.co/projects/gitlab-com-oscortiz-tfg_gii17-10_generador_de_mapas_de_calor_en_tiempo_real-master-b980eb2f-1c28-44d3-b429-0c41a44fb59a/all_complexities>Calidad de código</a>,GII_O_MB_17.10 Generador de mapas de calor en tiempo real,"Se propone la creación de un plugin para Grafana, que sea capaz de actualizar los valores de un SVG configurable, usando valores de una fuente de datos compatible con Grafana. Se pide que sea un plano en SVG (crear el archivo con un programa como inkscape o illustrator, que se pueda subir por la interface para configurar) con una serie de etiquetas/clases que se asocien a métricas de la fuente de datos necesaria, y que por ejemplo, cambie de color la temperatura de una sala del plano en función de ese valor y unos límites establecidos, que ya provee el grafana por configuración y percentiles.

Programación de plugin para grafana: Tecnologias: Html5, Css3, Typescript/Javascript, SVG. Preferencia alumnos matriculados en Grado online. En este <a href=""https://universidaddeburgos.sharepoint.com/portals/hub/_layouts/15/PointPublishing.aspx?app=video&p=c&chid=cd3511f2-a48c-4c8b-8344-9105552e28fa&s=0&t=pfb"">GII1enlace puedes ver los videos con la descripción de los TFG por los tutores de la empresa.</a>",Carlos López Nozal (Mención ingeniería del  Software),Guillemo Santos Melgar,,10/10/2017,09/02/2018,122,,https://www.youtube.com/watch?v=7Z6jsWn5dMs&list=PLbfgDC115L3ChawVdhepSh-Fl5ER1_RNA&index=2,,https://codebeat.co/projects/gitlab-com-oscortiz-tfg_gii17-10_generador_de_mapas_de_calor_en_tiempo_real-master-b980eb2f-1c28-44d3-b429-0c41a44fb59a/all_complexities,,
GII_O_MC_16.N Aplicación para la gestión del sonido en un dispositivo móvil<br> <a href=https://github.com/JorgeZamora94/TFG-Jorge-Zamora-2017-18>Repositorio software</a><br> <a href=https://www.youtube.com/watch?v=YygTc6teOkw&list=PLbfgDC115L3ChawVdhepSh-Fl5ER1_RNA&index=4>Vídeo demostración</a> <br> <a href=https://www.youtube.com/watch?v=XZy2yGWQVS8&index=3&list=PLbfgDC115L3ChawVdhepSh-Fl5ER1_RNA>Vídeo de presentación</a><br>,GII_O_MC_16.N Aplicación para la gestión del sonido en un dispositivo móvil,"El propósito del trabajo es desarrollar una aplicación que controle los modos de sonido en un dispositivo móvil (normal, silencio, vibración…). El modo seleccionado por la aplicación se establecerá a partir de la actividad programada por el usuario en la propia aplicación o bien utilizando recursos como Google Calendar.",César Represa,,,02/02/2017,09/02/2018,372,https://github.com/JorgeZamora94/TFG-Jorge-Zamora-2017-18,https://www.youtube.com/watch?v=YygTc6teOkw&list=PLbfgDC115L3ChawVdhepSh-Fl5ER1_RNA&index=4,https://www.youtube.com/watch?v=XZy2yGWQVS8&index=3&list=PLbfgDC115L3ChawVdhepSh-Fl5ER1_RNA,,,
GII_O_MC_17.02 Sistema de navegación semiautomático en interiores<br> <a href=https://github.com/mbm0089/GII_0_17.02_SNSI/>Repositorio software</a><br> <a href=https://www.youtube.com/watch?v=WjOSTpxChIY&index=6&list=PLbfgDC115L3ChawVdhepSh-Fl5ER1_RNA>Vídeo demostración</a> <br> <a href=https://www.youtube.com/watch?v=OFmsPbaPsCA&index=5&list=PLbfgDC115L3ChawVdhepSh-Fl5ER1_RNA>Vídeo de presentación</a><br> <a href=https://sonarcloud.io/dashboard?id=GII_0_17.02_SNSI>Calidad de código</a>,GII_O_MC_17.02 Sistema de navegación semiautomático en interiores,"El objetivo del proyecto es diseñar un sistema de navegación semiautónomo en espacios cerrados, destinado a la asistencia en vigilancia de seguridad mediante drones. Dada una estancia, el drone deberá ser capaz de realizar un recorrido por el interior, grabando video que será emitido a un servidor, y transmitiendo su posición dentro del mapa a un responsable de seguridad.",Alejandro Merino Gómez  (Mención en Ingeniería de Computadores),César García Osorio,José Francisco Díez Pastor,09/11/2017,05/06/2018,208,https://github.com/mbm0089/GII_0_17.02_SNSI/,https://www.youtube.com/watch?v=WjOSTpxChIY&index=6&list=PLbfgDC115L3ChawVdhepSh-Fl5ER1_RNA,https://www.youtube.com/watch?v=OFmsPbaPsCA&index=5&list=PLbfgDC115L3ChawVdhepSh-Fl5ER1_RNA,https://sonarcloud.io/dashboard?id=GII_0_17.02_SNSI,,
GII_O_MA_17.01 Desarrollo de una interfaz para planta piloto<br> <a href=https://github.com/FranBurgos/TFG>Repositorio software</a><br> <a href=https://youtu.be/uvDMTtxGMDw?list=PLbfgDC115L3ALlisGoqqJYWPmFPsr3CEN>Vídeo demostración</a> <br> <a href=https://youtu.be/i_OkqDiP0AE?list=PLbfgDC115L3ALlisGoqqJYWPmFPsr3CEN>Vídeo de presentación</a><br> <a href=https://app.codacy.com/app/ubutfgm/TFG/files>Calidad de código</a>,GII_O_MA_17.01 Desarrollo de una interfaz para planta piloto,"Es un proyecto de desarrollo de software y de comunicaciones entre un pc/portátil y una placa.

Tenemos en el laboratorio placas Freescale (FRDMK64F) conectadas a plantas piloto (plantas de control de temperatura y caudal de aire) y la idea es desarrollar una interfaz que actúe como un SCADA (interfaz hombre máquina) para monitorizar variables del proceso así como actuar sobre el proceso y un módulo de comunicaciones entre el PC y la placa. La interfaz hombre máquina iría implementada en el PC y habría que dotarla de un módulo de comunicaciones implementado tanto en el PC como en la placa que pueda soportar alguna de estas comunicaciones: wifi, Ethernet, comunicación serie, etc.

El módulo de comunicaciones implementado en la placa será en C y la interfaz hombre máquina podrá ser en cualquier lenguaje, C++, visual basic, etc.",Alejandro Merino Gómez  (Mención en Ingeniería de Computadores), Daniel Sarabia Ortiz,,30/10/2018,19/02/2019,112,https://github.com/FranBurgos/TFG,https://youtu.be/uvDMTtxGMDw?list=PLbfgDC115L3ALlisGoqqJYWPmFPsr3CEN,https://youtu.be/i_OkqDiP0AE?list=PLbfgDC115L3ALlisGoqqJYWPmFPsr3CEN,https://app.codacy.com/app/ubutfgm/TFG/files,,
GII_O_MA_18.01  Simulación de redes con GNS3<br> <a href=https://github.com/javi13gg/TFG_GII_O_MA_18.01-Simulacion-de-redes-con-GNS3>Repositorio software</a><br> <a href=https://youtu.be/PxZo4v2LuCw?list=PLbfgDC115L3ALlisGoqqJYWPmFPsr3CEN>Vídeo demostración</a> <br> <a href=https://youtu.be/9YZ86-tp1Ns?list=PLbfgDC115L3ALlisGoqqJYWPmFPsr3CEN>Vídeo de presentación</a><br> <a href=https://app.codacy.com/app/ubutfgm/TFG_GII_O_MA_18.01-Simulacion-de-redes-con-GNS3/files>Calidad de código</a>,GII_O_MA_18.01  Simulación de redes con GNS3,"Modalidad A.El objetivo principal del proyecto es profundizar en las posibilidades de simulación de redes con el software GNS y explorar las posibilidades de distribución de la simulación.
Utilizando el software de simulación de redes GNS3, se simularía una red de computadores compleja, que incluirían funcionalidades como, servidor web, servidor DNS, servidor DHCP, acceso a internet, filtrado de tramas en switches, etc.
Se explorarían además las posibilidades de acceso a equipos remotos y del uso de dockers en GNS3.


**** Trabajos teóricos relacionados:
Héctor Delgado Patiño. ""Construcción de una red MPLS y validación de GNS3 para su simulación"". PFC Universidad de Cartagena. http://repositorio.upct.es/bitstream/handle/10317/5251/tfg682.pdf?sequence=1
Rubén Isa Hidalgo . ""Implementación de un laboratorio virtual para aprendizaje de SDN"". TFG Universidad de Cantabria.
https://repositorio.unican.es/xmlui/bitstream/handle/10902/9377/387880.pdf

**** Trabajos prácticos relacionados:
https://github.com/GNS3/gns3-gui/releases",Alejandro Merino Gómez  (Mención en Ingeniería de Computadores),,Daniel Sarabia Ortiz,19/09/2018,19/02/2019,153,https://github.com/javi13gg/TFG_GII_O_MA_18.01-Simulacion-de-redes-con-GNS3,https://youtu.be/PxZo4v2LuCw?list=PLbfgDC115L3ALlisGoqqJYWPmFPsr3CEN,https://youtu.be/9YZ86-tp1Ns?list=PLbfgDC115L3ALlisGoqqJYWPmFPsr3CEN,https://app.codacy.com/app/ubutfgm/TFG_GII_O_MA_18.01-Simulacion-de-redes-con-GNS3/files,,
GII_O_MA_18.02 Generación rutas utilizando sistemas empotrados<br> <a href=https://github.com/alejandrolampreave/GPS>Repositorio software</a><br> <a href=https://youtu.be/6XycE70kDAU?list=PLbfgDC115L3ALlisGoqqJYWPmFPsr3CEN>Vídeo demostración</a> <br> <a href=https://youtu.be/UJMdEgxIo6w?list=PLbfgDC115L3ALlisGoqqJYWPmFPsr3CEN>Vídeo de presentación</a><br> <a href=https://app.codacy.com/app/ubutfgm/GPS/files>Calidad de código</a>,GII_O_MA_18.02 Generación rutas utilizando sistemas empotrados,"Modalidad A.Se trataría de utilizar la placa de desarrollo FRDM K64F, con un módulo GPS incorporado, que fuera capaz de registrar en una tarjeta microSD la ruta seguida por el dispositivo. Para ello se debe desentramar la cadena GPS y almacenarla. La activación/desactivación de la captura GPS se hará de acuerdo a la información recogida por el acelerómetro. Se proporcionarán además estadísticas diarias. De manera adicional, se podrá incluir que la información recogida por el dispositivo se muestre en una aplicación web.

**** Trabajos teóricos relacionados:
Ignacio Fernández Cascajares. ""Desarrollo de un robot móvil v2.0"" TFM de la Universidad de Burgos.

Javier Álamo del Pozo. ""Sistema de posicionamiento interior y exterior"" TFM de la Universidad de Burgos.

**** Trabajos prácticos relacionados:
https://github.com/ErichStyger/mcuoneclipse/tree/master/Examples/Eclipse/FRDM-KL25Z/FRDM-KL25Z_Adafruit_GPS

https://github.com/ErichStyger/mcuoneclipse/tree/master/Examples/Eclipse/FRDM-K64F/FRDM-K64F_DataLogger",Alejandro Merino Gómez  (Mención en Ingeniería de Computadores),,,19/09/2018,19/02/2019,153,https://github.com/alejandrolampreave/GPS,https://youtu.be/6XycE70kDAU?list=PLbfgDC115L3ALlisGoqqJYWPmFPsr3CEN,https://youtu.be/UJMdEgxIo6w?list=PLbfgDC115L3ALlisGoqqJYWPmFPsr3CEN,https://app.codacy.com/app/ubutfgm/GPS/files,,
GII_O_MA_17.0M Secuenciador heurístico<br> <a href=https://github.com/Victoracha/TFG-Reglas-de-prioridad>Repositorio software</a><br> <a href=https://youtu.be/nF6N2glndAk?list=PLbfgDC115L3ALlisGoqqJYWPmFPsr3CEN>Vídeo demostración</a> <br> <a href=https://youtu.be/2L5iGrXjTxI?list=PLbfgDC115L3ALlisGoqqJYWPmFPsr3CEN>Vídeo de presentación</a><br> <a href=https://app.codacy.com/app/ubutfgm/TFG-Reglas-de-prioridad/files>Calidad de código</a>,GII_O_MA_17.0M Secuenciador heurístico,El proyecto tiene como objetivo la creación de una herramienta web docente para el enunciado y resolución de problemas de secuenciación y programación de tareas y recursos (problema de scheduling) de acuerdo a las heurísticas de programación más populares.,José Manuel Galán Ordax (Mención en Sistemas de Información),,,24/09/2018,19/02/2019,148,https://github.com/Victoracha/TFG-Reglas-de-prioridad,https://youtu.be/nF6N2glndAk?list=PLbfgDC115L3ALlisGoqqJYWPmFPsr3CEN,https://youtu.be/2L5iGrXjTxI?list=PLbfgDC115L3ALlisGoqqJYWPmFPsr3CEN,https://app.codacy.com/app/ubutfgm/TFG-Reglas-de-prioridad/files,,
GII_O_MC_16.N Aplicación para la gestión del sonido en un dispositivo móvil<br> <a href=https://github.com/JorgeZamora94/TFG-Gestor-de-sonido-para-dispositivos-Android>Repositorio software</a><br> <a href=https://youtu.be/VQNTjM7Kk3M?list=PLbfgDC115L3ALlisGoqqJYWPmFPsr3CEN>Vídeo demostración</a> <br> <a href=https://youtu.be/bbjKM6LRkEk?list=PLbfgDC115L3ALlisGoqqJYWPmFPsr3CEN>Vídeo de presentación</a><br> <a href=https://app.codacy.com/app/ubutfgm/TFG/files>Calidad de código</a>,GII_O_MC_16.N Aplicación para la gestión del sonido en un dispositivo móvil,"El propósito del trabajo es desarrollar una aplicación que controle los modos de sonido en un dispositivo móvil (normal, silencio, vibración…). El modo seleccionado por la aplicación se establecerá a partir de la actividad programada por el usuario en la propia aplicación o bien utilizando recursos como Google Calendar.",Carlos López Nozal (Mención ingeniería del  Software),,,02/02/2017,19/02/2019,747,https://github.com/JorgeZamora94/TFG-Gestor-de-sonido-para-dispositivos-Android,https://youtu.be/VQNTjM7Kk3M?list=PLbfgDC115L3ALlisGoqqJYWPmFPsr3CEN,https://youtu.be/bbjKM6LRkEk?list=PLbfgDC115L3ALlisGoqqJYWPmFPsr3CEN,https://app.codacy.com/app/ubutfgm/TFG/files,,
GII_O_MA_18.08 Retrogaming recommender<br> <a href=https://github.com/raulolles/TFG_GII_O_MA_18.08>Repositorio software</a><br> <a href=https://www.youtube.com/watch?v=BszjUZQFj30&list=PLbfgDC115L3ALlisGoqqJYWPmFPsr3CEN&index=12>Vídeo demostración</a> <br> <a href=https://www.youtube.com/watch?v=CgOmExE7U3U&list=PLbfgDC115L3ALlisGoqqJYWPmFPsr3CEN&index=11>Vídeo de presentación</a><br> <a href=https://app.codacy.com/project/raulolles/TFG_GII_O_MA_18.08/dashboard>Calidad de código</a>,GII_O_MA_18.08 Retrogaming recommender,"El objetivo del TFG es implementar uno u varios sistemas de recomendación (basado en modelos, filtros colaborativos, etc) con el fin de recomendar juegos antiguos en función de las valoraciones de los usuarios sobre juegos previos. El proyecto se oferta principalmente para el segundo cuatrimestre.

**** Trabajos teóricos relacionados:
https://www.sciencedirect.com/science/article/pii/S0370157312000828

**** Trabajos prácticos relacionados:
",José Manuel Galán Ordax (Mención en Sistemas de Información),José Ignacio Santos Martín,,08/11/2018,12/06/2019,216,https://github.com/raulolles/TFG_GII_O_MA_18.08,https://www.youtube.com/watch?v=BszjUZQFj30&list=PLbfgDC115L3ALlisGoqqJYWPmFPsr3CEN&index=12,https://www.youtube.com/watch?v=CgOmExE7U3U&list=PLbfgDC115L3ALlisGoqqJYWPmFPsr3CEN&index=11,https://app.codacy.com/project/raulolles/TFG_GII_O_MA_18.08/dashboard,,
GII_O_MC_18.09 Automatización del proceso de delineación a partir de datos de un levantamiento topográfico<br> <a href=https://github.com/EduardoRisco/SurveyingPointCode>Repositorio software</a><br> <a href=https://www.youtube.com/watch?v=EZ_11OUcYGw&list=PLbfgDC115L3ALlisGoqqJYWPmFPsr3CEN&index=14>Vídeo demostración</a> <br> <a href=https://www.youtube.com/watch?v=EZ_11OUcYGw&list=PLbfgDC115L3ALlisGoqqJYWPmFPsr3CEN&index=13>Vídeo de presentación</a><br> <a href=https://codebeat.co/projects/github-com-eduardorisco-surveyingpointcode-master>Calidad de código</a>,GII_O_MC_18.09 Automatización del proceso de delineación a partir de datos de un levantamiento topográfico,"Motivación
El trabajo que realizamos habitualmente los Ingenieros Topógrafos consta de dos partes fundamentales; trabajo de campo y gabinete. Un problema importante al que nos enfrentamos es la gran cantidad de tiempo y recursos que invertimos en gestionar los datos obtenidos en campo para obtener un plano del levantamiento topográfico ejecutado, alargando en exceso el desarrollo y entrega de un proyecto.
Con este planteamiento surge la necesidad de crear una aplicación que consiga automatizar este trabajo el máximo posible y así obtener un ahorro de tiempo y de recursos, fundamental en nuestros proyectos.
Puede parecer a priori un trabajo sencillo y rápido de hacer con una herramienta de cad, uniendo puntos manualmente para crear líneas, u otros elementos, claro está, si tienes un levantamiento topográfico con 30 puntos y recuerdas como lo has hecho en campo, pero cuando tienes un levantamiento con 10000 puntos, e intervienen varias personas en él, se puede convertir en un trabajo muy complicado e insufrible de realizar.
Una herramienta que incluya las funcionalidades que aquí se pretenden implementar, no existe como tal en el mercado, algunos programas como Autocad o programas específicos de Topografía, disponen de algún módulo a mayores del programa, que permiten hacer algo similar, pero con un resultado muy pobre respecto a lo que aquí se plantea y necesitas un conocimiento avanzado de estos para conseguirlo.
Objetivo
Crear una aplicación que lea los datos extraídos del equipo topográfico, ya sea estación total o GPS y produzca un archivo de tipo dxf, compatible con los programas de cad (Autocad, MicroStation, DraftSight, etc), interpretando toda la codificación, separando los elementos en capas, dibujando todos los elementos medidos en campo, como líneas, curvas, símbolos, etc.. todo ello de forma automática.
Hay que tener en cuenta que en el campo solo se miden puntos individuales con coordenadas x, y,z,todo el proceso para crear líneas rectas, curvas, superficies, etc, lo realizaría la aplicación interpretando la codificación.
La aplicación no va a tener la pretensión de ser una aplicación de cad, ni nada parecido, sino una aplicación que automatice el proceso de interpretación de los datos provenientes de un levantamiento topográfico y genere una salida cad en formato dxf, automatizando lo máximo posible todo el proceso de dibujo e incluso pudiendo personalizar cada usuario la codificación en campo mediante librerías personalizadas.
Herramientas:
La aplicación se desarrollará con Python y Flask , usando las librerías de Python:
Ezdxf,sdxf,Dxfgrabber


**** Trabajos teóricos relacionados:
https://www.delicad.com/en/rapiddxf.php
https://www.delicad.com/en/rapiddxf_lt.php

**** Trabajos prácticos relacionados:
",Carlos López Nozal (Mención ingeniería del  Software),César I. García Osorio,,10/12/2018,12/06/2019,184,https://github.com/EduardoRisco/SurveyingPointCode,https://www.youtube.com/watch?v=EZ_11OUcYGw&list=PLbfgDC115L3ALlisGoqqJYWPmFPsr3CEN&index=14,https://www.youtube.com/watch?v=EZ_11OUcYGw&list=PLbfgDC115L3ALlisGoqqJYWPmFPsr3CEN&index=13,https://codebeat.co/projects/github-com-eduardorisco-surveyingpointcode-master,,
GII_O_MA_19.01Autoevaluación proceso de desarrollo de Trabajo Fin de Grado  en Github<br> <a href=https://github.com/rlp0019/Activiti-Api>Repositorio software</a><br> <a href=https://www.youtube.com/watch?v=yiQpHgNWMZY&list=PLbfgDC115L3ALlisGoqqJYWPmFPsr3CEN&index=16>Vídeo demostración</a> <br> <a href=https://www.youtube.com/watch?v=gYCQdf51SsE&list=PLbfgDC115L3ALlisGoqqJYWPmFPsr3CEN&index=15>Vídeo de presentación</a><br> <a href=https://app.codacy.com/project/rlp0019/Activiti-Api/dashboard>Calidad de código</a>,GII_O_MA_19.01Autoevaluación proceso de desarrollo de Trabajo Fin de Grado  en Github,"
Desarrollar una aplicación que reciba como entrada la dirección Web de un repositorio Github, calcule las medidas de evolución, genere un informe con la cobertura de medidas de evolución que están dentro de los valores umbrales para inferir una calificación orientativa del proceso.
Con el conjunto de datos de las medidas de evolución se realizará un análisis estadístico para calcular los valores umbrales de las mismas (percentil 25 y percentil 75).
(Funcionalidad a decidir por el estudiante) Utilizando las calificaciones de los TFG y las medidas de evolución modelar un clasificador que permita estimar la calificación (Suspenso, Aprobado, Notable, Sobresaliente, Matricula de Honor).

**** Trabajos teóricos relacionados:

[1] J. Ratzinger, “sPACE: Software Project Assessment in the Course of Evolution,” 2007.
[2] S. Berczuk and B. Appleton, Software Configuration Management Patterns: Effective Teamwork, Practical Integration, Edición: 01. Boston: ADDISON WESLEY LONGMAN INC DIV PEARSON SUITE 300, 2002.


**** Trabajos prácticos relacionados:
El conjunto de datos se obtendrá utilizando la información de los trabajos presentados en el histórico de TFG https://clopezno.github.io/HistoricoSist.html. Para extraer las medidas de evolución del software se utilizará la aplicación Java disponible en https://github.com/dba0010/Activiti-Api.
Se puede consultar el siguiente conjunto de datos preliminar en https://clopezno.github.io/agile_practices_experiment/ .",Carlos López Nozal (Mención ingeniería del  Software),,,12/02/2019,12/06/2019,120,https://github.com/rlp0019/Activiti-Api,https://www.youtube.com/watch?v=yiQpHgNWMZY&list=PLbfgDC115L3ALlisGoqqJYWPmFPsr3CEN&index=16,https://www.youtube.com/watch?v=gYCQdf51SsE&list=PLbfgDC115L3ALlisGoqqJYWPmFPsr3CEN&index=15,https://app.codacy.com/project/rlp0019/Activiti-Api/dashboard,,
GII_O_MA_19.09 UBUGestLab v2<br> <a href=https://github.com/masantamario/Geslab-2.0>Repositorio software</a><br> <a href=https://web.microsoftstream.com/video/4ccf08c5-5341-4584-8b91-135d23bc7dab?App=msteamsBot&refId=f:1680646452739020596>Vídeo demostración</a> <br> <a href=https://web.microsoftstream.com/video/76a86f4c-af94-4005-b2eb-6da2a9889274>Vídeo de presentación</a><br>,GII_O_MA_19.09 UBUGestLab v2,"<p><strong>Descripción</strong></p>La Facultad de Ciencias requiere actualizar una aplicación para gestionar los reactivos en cada laboratorio y compartir las existencias de forma segura.
La nueva versión, permitirá la migración de los datos e incorporará todos sus requisitos actuales, un sistema que permita almacenar las medidas de seguridad necesarias para su conservación, gestión de usuarios compatible con LDAP, la importación/exportación de los datos filtrados a ficheros csv y, opcionalmente, la consulta desde dispositivos móviles.
<p><strong>Trabajos teóricos relacionados</strong></p>No existen
<p><strong>Trabajos prácticos relacionados </strong></p>Proyecto fin de carrera de la UBU: GESTLab
<p><strong>Asignaturas recomendadas</strong></p>Aplicaciones de Bases de Datos, Desarrollo Avanzado de Sistemas Software, Diseño y Mantenimiento del Software, Estructuras de Datos, Gestión de la Información, Organización y Gestión de Empresas, Procesadores del Lenguaje, Seguridad Informática, Sistemas Distribuidos, Validación y Pruebas",Pedro Renedo Fernández (Mención en Ingeniería del Software),,,05/12/2019,08/07/2020,216,https://github.com/masantamario/Geslab-2.0,https://web.microsoftstream.com/video/4ccf08c5-5341-4584-8b91-135d23bc7dab?App=msteamsBot&refId=f:1680646452739020596,https://web.microsoftstream.com/video/76a86f4c-af94-4005-b2eb-6da2a9889274,,,
GII_O_MB_19.0C ExoplanetIA<br> <a href=https://gitlab.com/HP-SCDS/Observatorio/2019-2020/ubu-exoplanetia>Repositorio software</a><br> <a href=https://www.youtube.com/watch?v=SpfrMFKNMdU>Vídeo demostración</a> <br> <a href=https://www.youtube.com/watch?v=u0z3oxd8WTU>Vídeo de presentación</a><br>,GII_O_MB_19.0C ExoplanetIA,"La misión Kepler se diseñó para estudiar las estrellas del entorno cercano a la Tierra dentro de la Vía Láctea, analizando la luz emitida por 150.000 estrellas, para tratar de descubrir planetas de tamaño similar a la Tierra que orbitasen a su estrella dentro de la zona de habitabilidad, allí donde es posible que exista agua líquida. Con esta información se podría hacer una búsqueda de vida extraterrestre dirigida, así como una estimación de planetas potencialmente habitables.

El objetivo del proyecto es utilizar técnicas de Machine Learning sobre los datos reales ofrecidos por el satélite espacial Kepler, con respecto a la intensidad de luz (flux) registrada durante más de 9 años, y proponer un modelo de red neuronal para detectar exoplanetas por el Método del Tránsito (https://hpscds.com/observatorio/#ExoplanetIA). Python y C++.",Carlos López Nozal (Mención Ingeniería del Software),,,07/10/2019,08/07/2020,275,https://gitlab.com/HP-SCDS/Observatorio/2019-2020/ubu-exoplanetia,https://www.youtube.com/watch?v=SpfrMFKNMdU,https://www.youtube.com/watch?v=u0z3oxd8WTU,,https://exoplanetia.herokuapp.com,
GII_O_MC_19.XX-Fatiga+PR<br> <a href=https://github.com/ysi0000/-FatigaMasPR>Repositorio software</a><br> <a href=https://www.youtube.com/watch?v=1ZRhmhdU6YU>Vídeo demostración</a> <br> <a href=https://www.youtube.com/watch?v=9C4oSkTTeM4>Vídeo de presentación</a><br>,GII_O_MC_19.XX-Fatiga+PR,"-Fatiga+PR es un proyecto que tiene como objetivo monitorear las variables
de entrenamiento con el fin de mejorar la fuerza y competitividad en
powerlifting.
Para conseguir el objetivo de disminuir la fatiga se llevará el progreso del
volumen de entrenamiento que se ha ido realizando diariamente a lo largo
de los seis días anteriores. Este progreso se realizará con graficas dado que
es el método más visual.
Para conseguir averiguar si se ha conseguido ir mejorando las marcas de
competición se calculará las marcas estimadas a partir de tu entrenamiento,
con estas aproximaciones podremos ver si la marca mejora indicara que el
entrenamiento propuesto funciona, y en caso contrario nos ayudara a saber
que se necesitan algunos cambios.",José Manuel Galán Ordax (Mención en Sistemas de Información),Virginia Ahedo García,,01/10/2019,08/07/2020,281,https://github.com/ysi0000/-FatigaMasPR,https://www.youtube.com/watch?v=1ZRhmhdU6YU,https://www.youtube.com/watch?v=9C4oSkTTeM4,,https://mega.nz/folder/IAthiBhR#pRIcF2vTO3Q-iCxtJ10sBg,
GII_O_MC_20.02 Sistema domótico inteligente<br> <a href= https://github.com/davidelinformatico/TFG>Repositorio software</a><br> <a href=https://youtu.be/nqs-VCi_m7I>Vídeo demostración</a> <br> <a href=https://youtu.be/6QRz6VPv2PY>Vídeo de presentación</a><br> <a href=https://sonarcloud.io/dashboard?id=davidelinformatico_TFG>Calidad de código</a>,GII_O_MC_20.02 Sistema domótico inteligente,"<p><strong>Descripción</strong></p>El proyecto consiste en la creación de un sistema domótico inteligente que sea capaz de realizar acciones básicas (encendido de calefacción, subida/bajada de persianas, encendido/apagado de luces...) según la estación del año y las condiciones meteorológicas. Esta información será recogida de la web mediante APIs públicas o webscrapping en un servidor que proveerá de dicha información a los diversos dispositivos domóticos que estarán gobernados por una Raspberry PI.
<p><strong>Trabajos teóricos relacionados</strong></p>https://dl.acm.org/doi/abs/10.1145/1141277.1141730
<p><strong>Trabajos prácticos relacionados </strong></p>https://github.com/deepsyx/home-automation
<p><strong>Asignaturas recomendadas</strong></p>Arquitectura de Computadores, Diseño y Administración de Sistemas y Redes, Interacción Hombre/Máquina, Sistemas Empotrados y de Tiempo Real, Sistemas Distribuidos",Alejandro Merino Gómez (Mención en Ingeniería de Computadores),Álvar Arnaiz González,,06/10/2020,25/01/2021,111, https://github.com/davidelinformatico/TFG,https://youtu.be/nqs-VCi_m7I,https://youtu.be/6QRz6VPv2PY,https://sonarcloud.io/dashboard?id=davidelinformatico_TFG,,
GII_O_MA_19.0B Aplicación de técnicas metaheurísticas para la optimización del reparto de material de una planta de montaje<br> <a href= https://github.com/CarolinaCCZ/LucErik/>Repositorio software</a><br> <a href=https://www.youtube.com/watch?v=5GwtDdN_6ko&feature=youtu.be>Vídeo demostración</a> <br> <a href=https://www.youtube.com/watch?v=OrUFjE_UBGQ&feature=youtu.be>Vídeo de presentación</a><br>,GII_O_MA_19.0B Aplicación de técnicas metaheurísticas para la optimización del reparto de material de una planta de montaje,"<p><strong>Descripción</strong></p>Se quiere optimizar el proceso de reparto de material en una fábrica. El proyecto parte del análisis de la situación de una empresa internacional que actualmente produce neumáticos en Burgos, si bien, se pretende proponer una herramienta de optimización general que pueda ser utilizada en un mayor número de supuestos. El objetivo del trabajo es optimizar la entrega de los materiales que requieren un conjunto de máquinas y puestos de trabajo. En muchas ocasiones la falta de material provoca la parada de la máquina, con las consecuentes pérdidas en órdenes de fabricación no satisfechas y paradas de máquinas. En este trabajo, además concurren otro tipo de incidencias que pueden complicar esta asignación, por ejemplo, falta de material en el almacén, falta de espacio en la máquina para dejar el material, errores en el inventariado del almacén, errores en las ubicaciones del almacén, etc.
<p><strong>Trabajos teóricos relacionados</strong></p>N. Xiong, D. Molina, M. Leon-Ortiz, F. Herrera. A walk into Metahueristics for Engineering Optimization: Principles, Methods and Recent Trends. International Journal of Computational Intelligent Systems (IJCIS), 8, 2015, 606-636.
<p><strong>Trabajos prácticos relacionados </strong></p>
<p><strong>Asignaturas recomendadas</strong></p>Algoritmia, Computación Neuronal y Evolutiva, Gestión de la Información, Organización y Gestión de Empresas",José Ignacio Santos Martín (Mención en Sistemas de Información),José Manuel Galán Ordax,,06/11/2020,25/01/2021,80, https://github.com/CarolinaCCZ/LucErik/,https://www.youtube.com/watch?v=5GwtDdN_6ko&feature=youtu.be,https://www.youtube.com/watch?v=OrUFjE_UBGQ&feature=youtu.be,,,
GII_O_MC 20.01 Vulnerabilidades en redes de dependencias de paquetes de software<br> <a href=https://github.com/dsr0018/olivia>Repositorio software</a><br> <a href=https://youtu.be/qr8axe5nieo>Vídeo demostración</a> <br> <a href=https://sonarcloud.io/dashboard?id=dsr0018_olivia>Calidad de código</a>,GII_O_MC 20.01 Vulnerabilidades en redes de dependencias de paquetes de software,"<p><strong>Descripción</strong></p>El desarrollo open source ha proporcionado una gran cantidad y diversidad de librerías que se organizan en índices, normalmente publicados en repositorios oficiales configurados por defecto en las herramientas de instalación y gestión de paquetes de cada lenguaje. Algunos ejemplos son PyPI (Python Package Index) para Python, NPM (Node Package Manager) para JavaScript (Node.js), PEAR (PHP Extension and Application Repository), CPAN (Comprehensive Perl Archive Network) o Maven Central para Java. El tamaño típico de estos índices es del orden de cientos de miles de referencias.

La utilización de librerías de estos repositorios para disminuir los tiempos de desarrollo y costes es prácticamente universal, en todos los lenguajes y tipos de proyecto software. Sin embargo, su empleo introduce riesgos como la exposición a bugs y modificaciones malintencionadas, los derivados del mantenimiento y actualización del software y, en última instancia, todos los propios de la dependencia funcional de una tercera parte. Estos riesgos pueden ser difíciles de apreciar en toda su dimensión por los desarrolladores, que sólo importan explícitamente una pequeña parte de las librerías que se emplean en cada proyecto. Debido a la transitividad de las dependencias, un único defecto o modificación puede tener efectos extensos y difíciles de predecir en el ecosistema software.

En este trabajo se construirá un modelo de red de dependencias de paquetes para el análisis de su vulnerabilidad frente a fallos y ataques. El estudio de este tipo de modelos es reciente y su comprensión teórica limitada [1] [2]. Su conocimiento puede contribuir a mejorar la valoración de riesgos por dependencias externas en proyectos software, el diseño de herramientas de gestión de paquetes y la organización de actividades y recursos en los ecosistemas de desarrollo open source.

Se desarrollará un conjunto de herramientas para la extracción de datos y construcción y evaluación del modelo y los resultados teóricos se aplicarán a alguno de los repositorios reales de paquetes de uso común.

<p><strong>Trabajos teóricos relacionados</strong></p>[1] Kikas, R., Gousios, G., Dumas, M., & Pfahl, D. (2017, May). Structure and evolution of package dependency networks. In 2017 IEEE/ACM 14th International Conference on Mining Software Repositories (MSR) (pp. 102-112). IEEE. [2] Boldi, P. (2019, December). How Network Analysis Can Improve the Reliability of Modern Software Ecosystems. In 2019 IEEE First International Conference on Cognitive Machine Intelligence (CogMI) (pp. 168-172). IEEE.
<p><strong>Trabajos prácticos relacionados </strong></p>
<p><strong>Asignaturas recomendadas</strong></p>",Carlos López Nozal (Mención Ingeniería del Software),José Ignacio Santos Martín (Mención en Sistemas de Información),,05/06/2020,25/01/2021,234,https://github.com/dsr0018/olivia,https://youtu.be/qr8axe5nieo,,https://sonarcloud.io/dashboard?id=dsr0018_olivia,https://travis-ci.com/github/dsr0018/olivia/builds,
GII_O_MA_20.04 Servicios de adquisición de datos y visualización de dashboards para la web de coyuntura económica<br> <a href=https://github.com/RaquelSancha/GII_O_MA_20.04>Repositorio software</a><br> <a href=https://youtu.be/FveeOANVySU>Vídeo demostración</a> <br> <a href=https://youtu.be/f73WNutMKJA>Vídeo de presentación</a><br> <a href=https://app.codacy.com/gh/RaquelSancha/GII_O_MA_20.04/dashboard?branch=master>Calidad de código</a>,GII_O_MA_20.04 Servicios de adquisición de datos y visualización de dashboards para la web de coyuntura económica,"<p><strong>Descripción</strong></p>El boletín de Coyuntura Económica de la Provincia de Burgos tiene como objetivo de conocer el desarrollo de la economía del conocimiento, mediante la producción de información económica y su divulgación a una amplio público de empresas, profesionales y particulares; promoviendo el analisis de la coyuntura económica que permita aportar una opinión y valoración propio. En este proyecto se desean aumentar las capacidades de la aplicación web para permitir mayor flexibilidad y automatización en su utilización. Se pretende incorporar un sub-sistema de captación e ingestión de datos, que obtenga de forma automática los datos desde elementos como hojas de cálculo, bases de datos o directamente de las páginas del INE, Banco de España, EUROSTAT, Sistema de Información Estadística de Castilla y León, etc. Igualmente se desean aumentar sus capacidades de representación de datos empleando cuadros de mandos dinámicos para mostrar la información recopilada de la forma que lo solicite el usuario.
<p><strong>Trabajos teóricos relacionados</strong></p>https://www.ubu.es/departamento-de-economia-aplicada/investigacion-research/grupos-de-investigacion-research-groups/equipo-de-coyuntura-economica-de-burgos
<p><strong>Trabajos prácticos relacionados </strong></p>https://github.com/NelsonParamo/GI16.M_ProyectoCoyuntura
<p><strong>Asignaturas recomendadas</strong></p>Aplicaciones de Bases de Datos, Gestión de la Información, Minería de Datos, Sistemas Distribuidos",Carlos López Nozal (Mención Ingeniería del Software),Bruno Baruque Zanón,Santiago Porras Alfonso,19/10/2020,25/02/2021,129,https://github.com/RaquelSancha/GII_O_MA_20.04,https://youtu.be/FveeOANVySU,https://youtu.be/f73WNutMKJA,https://app.codacy.com/gh/RaquelSancha/GII_O_MA_20.04/dashboard?branch=master,https://coyunturaeconomica2.herokuapp.com/,
GII_O_MA_19.04 Desarrollo y explotación de un chatbot para la asignatura de Trabajo Fin de Grado<br> <a href=https://github.com/aav0038/UBU-CHATBOT>Repositorio software</a><br> <a href=https://www.youtube.com/watch?v=b82GP8TjW98>Vídeo demostración</a> <br> <a href=https://www.youtube.com/watch?v=Z86EJeIXAUM>Vídeo de presentación</a><br>,GII_O_MA_19.04 Desarrollo y explotación de un chatbot para la asignatura de Trabajo Fin de Grado,"<p><strong>Descripción</strong></p>- Evaluar plataformas y frameworks de desarrollo gratuito de bots, seleccionando la más adecuada.
- Desarrollo con dicha selección previa de un bot que ayude a los alumnos de la asignatura de Trabajo Fin de Grado a resolver sus dudas sobre el funcionamiento de la asignatura.
- Integración del bot en una plataforma web (Moodle preferiblemente) o en otras plataformas utilizadas en la asignatura (e.g. GitHub)
- Explotar los datos obtenidos, obteniendo visualizaciones y aplicando técnicas de machine learning.
<p><strong>Trabajos teóricos relacionados</strong></p>
Satu, M.S., Parvez, M.H., Shamim-Al-Mamun
57189219909;57188663612;57189224808;
Review of integrated applications with AIML based chatbot
(2016) 1st International Conference on Computer and Information Engineering, ICCIE 2015, art. no. 7399324, pp. 87-90. Cited 13 times.
https://0-www-scopus-com.ubucat.ubu.es/inward/record.uri?eid=2-s2.0-84966270847&doi=10.1109%2fCCIE.2015.7399324&partnerID=40&md5=40afb409b85298f182b0c8933bdf7360

Song, D., Oh, E.Y., Rice, M.
55945454700;57193775325;56128788300;
Interacting with a conversational agent system for educational purposes in online courses
(2017) Proceedings - 2017 10th International Conference on Human System Interactions, HSI 2017, art. no. 8005002, pp. 78-82. Cited 9 times.
https://0-www-scopus-com.ubucat.ubu.es/inward/record.uri?eid=2-s2.0-85030215702&doi=10.1109%2fHSI.2017.8005002&partnerID=40&md5=ee02d616d150b262445919c4187d5dff

Ní Chiaráin, N., Ní Chasaide, A.
57198789182;6508182894;
Chatbot technology with synthetic voices in the acquisition of an endangered language: Motivation, development and evaluation of a platform for Irish
(2016) Proceedings of the 10th International Conference on Language Resources and Evaluation, LREC 2016, pp. 3429-3435. Cited 5 times.
https://0-www-scopus-com.ubucat.ubu.es/inward/record.uri?eid=2-s2.0-85037061314&partnerID=40&md5=1e98256cd035c38c90532d7d8085c3c1
<p><strong>Trabajos prácticos relacionados </strong></p>
<p><strong>Asignaturas recomendadas</strong></p>Computación Neuronal y Evolutiva, Desarrollo Avanzado de Sistemas Software, Diseño y Mantenimiento del Software, Interacción Hombre/Máquina, Minería de Datos, Procesadores del Lenguaje, Sistemas Distribuidos, Sistemas Inteligentes, Validación y Pruebas",Raúl Marticorena Sánchez (Mención Computación),,,19/10/2020,13/07/2021,267,https://github.com/aav0038/UBU-CHATBOT,https://www.youtube.com/watch?v=b82GP8TjW98,https://www.youtube.com/watch?v=Z86EJeIXAUM,,https://ubuchatbot.slack.com/,
GII_O_MB_21.011CarSharing: Servicio Web y APP móvil para compartir vehículo para ir al trabajo<br> <a href=https://gitlab.com/HP-SCDS/Observatorio/2020-2021/ubu-carsharing>Repositorio software</a><br> <a href=https://youtu.be/AlYTr4l0f9I>Vídeo demostración</a> <br> <a href=https://youtu.be/fgvwXKAkYYk>Vídeo de presentación</a><br>,GII_O_MB_21.011CarSharing: Servicio Web y APP móvil para compartir vehículo para ir al trabajo,"Muchos trabajadores de una misma empresa o incluso de un mismo parque empresarial tienen los mismos horarios, por lo que la compartir vehículo para ir a trabajar no solo es una necesidad si no que además ayuda a reducir el tráfico, los problemas de aparcamiento, reducir los gastos y la contaminación. El objetivo de este proyecto es desarrollar una APP y un servicio web asociado que facilite encontrar personas para compartir vehículo para ir a trabajar. Gestión de Agenda  Uso del API de Google Maps,  Implementación de algoritmos para la optimización de trayectorias (problema del viajante)  Sistema opcional de puntos en el sistema  Envío de notificaciones  Posibilidad de crear grupos cerrados  Posibilidad de saber dónde está el coche en tiempo real            Tecnologías: Android/iOS, Go, React, Angular, MySQL/MongoDB     Keywords: Mobile Development, Web Development, FullStack Development    Complejidad: 7.5",Bruno Baruque Zanón,Francisco Alonso (tutor empresa HP SCDS),Patricia Pérez (tutor empresa HP SCDS),19/10/2020,13/07/2021,267,https://gitlab.com/HP-SCDS/Observatorio/2020-2021/ubu-carsharing,https://youtu.be/AlYTr4l0f9I,https://youtu.be/fgvwXKAkYYk,,,
GII_O_MA_19.07 Comparador de métricas de evolución en repositorios Software<br> <a href=https://github.com/Joaquin-GM/GII_O_MA_19.07-Comparador-de-metricas-de-evolucion-en-repositorios-Software>Repositorio software</a><br> <a href=https://www.youtube.com/watch?v=nSt-2h2KmvE&list=PLbfgDC115L3AZwK-8HJ1sht7g_qr6KyTw&index=6>Vídeo demostración</a> <br> <a href=https://www.youtube.com/watch?v=Z4xfvGF23gI&list=PLbfgDC115L3AZwK-8HJ1sht7g_qr6KyTw&index=5>Vídeo de presentación</a><br>,GII_O_MA_19.07 Comparador de métricas de evolución en repositorios Software,"<p><strong>Descripción</strong></p>A partir de un Trabajo Fin de Grado se desarrolló una aplicación Web que recibe como entrada la dirección Web de un repositorio GitLab y calcula las medidas de evolución, genera un informe con la cobertura de medidas de evolución que están dentro de los valores umbrales para inferir una medidad orientativa del proceso.
En este nuevo TFG se pretende continuar con el desarrollo original ampliando la funcionalidad, para permitir obtener datos tanto de Github como de GitLab,
para permitir evaluar los forks de repositorios, para añadir un servicio de autenticación de usuarios y para mejorar el proceso de obtención de métricas de evolución con filtros temporales (mejora contínua).
(Funcionalidad opcional a decidir por el estudiante) Utilizando las medidas de evolución de otros proyectos modelar un clasificador que permita estimar la evolución futura.

<p><strong>Trabajos teóricos relacionados</strong></p>- J. Ratzinger, “sPACE: Software Project Assessment in the Course of Evolution,” 2007.
- S. Berczuk and B. Appleton, Software Configuration Management Patterns: Effective Teamwork, Practical Integration, Edición: 01. Boston: ADDISON WESLEY LONGMAN INC DIV PEARSON SUITE 300, 2002.

<p><strong>Trabajos prácticos relacionados </strong></p> Miguel Ángel, León León Bardavío, TFG UBU - Comparador de metricas de evolucion en repositorios software. GitLab, (https://gitlab.com/mlb0029/comparador-de-metricas-de-evolucion-en-repositorios-software)
<p><strong>Asignaturas recomendadas</strong></p>Desarrollo Avanzado de Sistemas Software, Diseño y Mantenimiento del Software, Minería de Datos, Sistemas Distribuidos, Validación y Pruebas",Carlos López Nozal (Mención Ingeniería del Software),,,07/10/2021,16/06/2022,252,https://github.com/Joaquin-GM/GII_O_MA_19.07-Comparador-de-metricas-de-evolucion-en-repositorios-Software,https://www.youtube.com/watch?v=nSt-2h2KmvE&list=PLbfgDC115L3AZwK-8HJ1sht7g_qr6KyTw&index=6,https://www.youtube.com/watch?v=Z4xfvGF23gI&list=PLbfgDC115L3AZwK-8HJ1sht7g_qr6KyTw&index=5,,https://evolution-metrics-v2.herokuapp.com/,
GII_O_MA_21.01 MoodleQA<br> <a href=https://github.com/RobertoArastiBlanco/eLearningQA>Repositorio software</a><br> <a href=https://www.youtube.com/watch?v=vuZMDhxt5iQ&list=PLbfgDC115L3AZwK-8HJ1sht7g_qr6KyTw&index=4>Vídeo demostración</a> <br> <a href=https://www.youtube.com/watch?v=GAGd5qTeAOQ&list=PLbfgDC115L3AZwK-8HJ1sht7g_qr6KyTw&index=3>Vídeo de presentación</a><br>,GII_O_MA_21.01 MoodleQA,"<p><strong>Descripción</strong></p>- Implementar una herramienta para la medida de calidad del diseño instruccional de signaturas en servidores Moodle.
- Partiendo de una definición de métricas y reglas, se aplicarán sobre las asignaturas disponibles para el docente, mostrando los correspondientes informes.
- Aplicación cliente con Java y JavaFX.
- Aplicación adicional de JavaScript, HTML y CSS para la visualización de informes.
- Se requiere uso de webscraping y servicios web para el acceso de datos a Moodle.
- Adicionalmente se valorará su integración en una herramienta de monitarización ya en explotación.
<p><strong>Trabajos teóricos relacionados</strong></p>
Muhammad AH, Siddique A, Youssef AE, Saleem K, Shahzad B, Akram A, Al-Thnian A-BS. A Hierarchical Model to Evaluate the Quality of Web-Based E-Learning Systems. Sustainability. 2020; 12(10):4071. https://doi.org/10.3390/su12104071

Mejía-Madrid G, Llorens-Largo F, Molina-Carmona R. Dashboard for Evaluating the Quality of Open Learning Courses. Sustainability. 2020; 12(9):3941. https://doi.org/10.3390/su12093941

Hiroshi Ueda, Motonori Nakamura. Data Analysis for Evaluation on Course Design and Improvement of “Cyberethics” Moodle Online Courses, Procedia Computer Science, Volume 112, 2017, Pages 2345-2353, ISSN 1877-0509, https://doi.org/10.1016/j.procs.2017.08.204.

María J. Martinez-Argüelles, Josep-Maria Batalla-Busquets. Perceived Service Quality and Student Loyalty in an Online University. July 2016. International Review of Research in Open and Distance Learning 17(4). DOI: 10.19173/irrodl.v17i4.2518

A.F.Rizana, U.Y.K.S. Hediyanto, F.Ramadhan and A.Kurniawati. E-learning success determinants in higher education: A systematic literature review from users' perspective. Published under licence by IOP Publishing Ltd. IOP Conference Series: Materials Science and Engineering, Volume 830, Issue 3.

Carlo De Medio, Carla Limongelli, F. Sciarrone, M. Temperini. MoodleREC: A recommendation system for creating courses using the moodle e-learning platform. Published 2020. Computer Science. Comput. Hum. Behav. DOI:10.1016/j.chb.2019.106168. Corpus ID: 210460517

<p><strong>Trabajos prácticos relacionados </strong></p>
<p><strong>Asignaturas recomendadas</strong></p>Aplicaciones de Bases de Datos, Desarrollo Avanzado de Sistemas Software, Diseño y Mantenimiento del Software, Interacción Hombre/Máquina, Sistemas Distribuidos, Sistemas Inteligentes, Validación y Pruebas",Raúl Marticorena Sánchez (Mención Computación),Carlos López Nozal (Mención en Ingeniería del Software),,01/10/2021,16/06/2022,258,https://github.com/RobertoArastiBlanco/eLearningQA,https://www.youtube.com/watch?v=vuZMDhxt5iQ&list=PLbfgDC115L3AZwK-8HJ1sht7g_qr6KyTw&index=4,https://www.youtube.com/watch?v=GAGd5qTeAOQ&list=PLbfgDC115L3AZwK-8HJ1sht7g_qr6KyTw&index=3,,https://sonarcloud.io/summary/overall?id=RobertoArastiBlanco_MoodleQA,https://elearningqa.herokuapp.com/
GII_O_MA_21.05 Dashboard de visualización del uso y preferencias de los desarrolladores basado en las encuestas anuales de Stack Overflow<br> <a href=https://github.com/albarrom/GII_O_MA_21.05>Repositorio software</a><br> <a href=https://www.youtube.com/watch?v=RcxxkuK7MU8&list=PLbfgDC115L3AZwK-8HJ1sht7g_qr6KyTw&index=2>Vídeo demostración</a> <br> <a href=https://www.youtube.com/watch?v=SAU4wE_WJ2I&list=PLbfgDC115L3AZwK-8HJ1sht7g_qr6KyTw&index=1>Vídeo de presentación</a><br> <a href=https://www.codacy.com/gh/albarrom/GII_O_MA_21.05/dashboard?utm_source=github.com&utm_medium=referral&utm_content=albarrom/GII_O_MA_21.05&utm_campaign=Badge_Grade>Calidad de código</a>,GII_O_MA_21.05 Dashboard de visualización del uso y preferencias de los desarrolladores basado en las encuestas anuales de Stack Overflow,"<p><strong>Descripción</strong></p>Stack Overflow realiza todos los años una encuesta a desarrolladores que permite conocer detalles sobre las diferentes tecnologías con las que trabajan los desarrolladores y sus preferencias. Los datos de esta encuesta son públicos y se encuentran disponibles bajo licencia ODbL: https://insights.stackoverflow.com/survey/ El objetivo de este TFG es diseñar e implementar un dashboard que permita explotar visualmente toda esta información. Las posibilidades de desarrollo son amplias, desde mostrar diferentes estadísticos a realizar análisis longitudinales e incluso análisis de redes. Por ejemplo, podría proyectarse la información del uso de las diferentes tecnologías (lenguajes, bases de datos, plataformas, …) como una red de tecnologías interconectadas de acuerdo al número de desarrolladores que simultáneamente las utilizan.
<p><strong>Trabajos teóricos relacionados</strong></p>Interactive Dashboards and Data Apps with Plotly and Dash. Elias Dabbas. O’reilly (2021)
Networks: An Introduction, M. E. J. Newman, Oxford University Press (2010)
<p><strong>Trabajos prácticos relacionados </strong></p>
<p><strong>Asignaturas recomendadas</strong></p>Aplicaciones de Bases de Datos, Gestión de la Información, Nuevas Tecnologías y Empresa",José Ignacio Santos Martín (Mención en Sistemas de Información),Virginia Ahedo García,,30/09/2021,16/06/2022,259,https://github.com/albarrom/GII_O_MA_21.05,https://www.youtube.com/watch?v=RcxxkuK7MU8&list=PLbfgDC115L3AZwK-8HJ1sht7g_qr6KyTw&index=2,https://www.youtube.com/watch?v=SAU4wE_WJ2I&list=PLbfgDC115L3AZwK-8HJ1sht7g_qr6KyTw&index=1,https://www.codacy.com/gh/albarrom/GII_O_MA_21.05/dashboard?utm_source=github.com&utm_medium=referral&utm_content=albarrom/GII_O_MA_21.05&utm_campaign=Badge_Grade,https://tfg-dashboard.herokuapp.com/,
GII_O_MA_21.04 XacoMeter: Observatorio del Camino de Santiago en Redes Sociales<br> <a href=https://github.com/daniel2828/XacoMeter>Repositorio software</a><br> <a href=https://youtu.be/91jtxorVlWA>Vídeo demostración</a> <br> <a href=https://youtu.be/N9hdJjR5ZNE>Vídeo de presentación</a><br> <a href=https://sonarcloud.io/summary/overall?id=daniel2828_XacoMeter>Calidad de código</a>,GII_O_MA_21.04 XacoMeter: Observatorio del Camino de Santiago en Redes Sociales,"<p><strong>Descripción</strong></p>Este Trabajo de Fin de Grado pretende diseñar un pipeline que permita la adquisición constante de datos acerca de lo que se publica en Twitter e Instagram sobre el Camino de Santiago (hashtags, mensajes geolocalizados, etc.). Los datos serán debidamente almacenados y gestionados en una BBDD, y, posteriormente, se desarrollará un sistema de visualización y explotación de los mismos en un entorno web. Si fuera de interés, se puede barajar la posibilidad de hacer sentiment analysis sobre los tweets/posts, estimación de los flujos de peregrinos por las distintas rutas posibles, etc.
<p><strong>Trabajos teóricos relacionados</strong></p>NA
<p><strong>Trabajos prácticos relacionados </strong></p>
<p><strong>Asignaturas recomendadas</strong></p>Aplicaciones de Bases de Datos, Gestión de la Información",José Ignacio Santos Martín (Mención en Sistemas de Información),Virginia Ahedo García,Silvia Díaz,28/09/2021,14/07/2022,289,https://github.com/daniel2828/XacoMeter,https://youtu.be/91jtxorVlWA,https://youtu.be/N9hdJjR5ZNE,https://sonarcloud.io/summary/overall?id=daniel2828_XacoMeter,https://xacometerfront.herokuapp.com/,
GII_O_MC_22.01 UBUExoWork entorno Web<br> <a href=https://github.com/asl1006/UbuExoWorks>Repositorio software</a><br> <a href=https://youtu.be/F_5A9cbxU9Y>Vídeo demostración</a> <br> <a href=https://youtu.be/kdbSH1BhMsc>Vídeo de presentación</a><br> <a href=https://sonarcloud.io/project/overview?id=asl1006_UbuExoWorks>Calidad de código</a>,GII_O_MC_22.01 UBUExoWork entorno Web,"<p><strong>Descripción</strong></p>UBUExoWorkSoftware, servicios Web para gestión presencial, traslados y gastos de trabajadores con movilidad. Permitirá fichar de manera geolocalizada e ingresar las rutas, dietas y gastos realizados durante la movilidad. Los trabajadores podrán solicitar vacaciones y cambios del horario a comprobar por la empresa. Se desarrolla en paralelo con otro TFG cliente móvil. 
<p><strong>Trabajos teóricos relacionados</strong></p>No se trata
<p><strong>Trabajos prácticos relacionados </strong></p>
<p><strong>Asignaturas recomendadas</strong></p>Aplicaciones de Bases de Datos, Desarrollo Avanzado de Sistemas Software, Diseño y Mantenimiento del Software, Seguridad Informática, Sistemas Distribuidos, Validación y Pruebas",Pedro Renedo Fernández (Mención en Ingeniería del Software),,,17/05/2022,28/09/2022,134,https://github.com/asl1006/UbuExoWorks,https://youtu.be/F_5A9cbxU9Y,https://youtu.be/kdbSH1BhMsc,https://sonarcloud.io/project/overview?id=asl1006_UbuExoWorks,https://miubuapp.herokuapp.com/,
GII_O_MA_22.12 Visualización de las actividades socioculturales en Castilla y León CULTURALCyL<br> <a href=https://github.com/ylp1001/TFG-Actividades-culturales-CyL>Repositorio software</a><br> <a href=https://www.youtube.com/watch?v=xxq3c07o8Uc>Vídeo demostración</a> <br> <a href=https://www.youtube.com/watch?v=aAqjcLGPY1M>Vídeo de presentación</a><br>,GII_O_MA_22.12 Visualización de las actividades socioculturales en Castilla y León CULTURALCyL,"<p><strong>Descripción</strong></p>La Junta de Castilla y León publica en su portal abierto la agenda de las actividades socioculturales que se desarrollan en la región. El objetivo de este TFG es desarrollar una aplicación que facilite a los ciudadanos el acceso, la búsqueda y la visualización de las actividades de la región, recogiendo los datos más importantes como la temática, las fechas y la geolocalización en un mapa. 
<p><strong>Trabajos teóricos relacionados</strong></p>Mitok, J. L. (2015). How mobile apps are changing consumer behavior: A case of the Alberta Culture events mobile app.
<p><strong>Trabajos prácticos relacionados </strong></p>Actividades Culturales y de Ocio Municipal en los próximos 100 días https://datos.madrid.es/portal/site/egob/menuitem.c05c1f754a33a9fbe4b2e4b284f1a5a0/?vgnextoid=6c0b6d01df986410VgnVCM2000000c205a0aRCRD&vgnextchannel=374512b9ace9f310VgnVCM100000171f5a0aRCRD&vgnextfmt=default
<p><strong>Asignaturas recomendadas</strong></p>Aplicaciones de Bases de Datos, Gestión de la Información",José Ignacio Santos Martín (Mención en Sistemas de Información),Virginia Ahedo García,Silvia Díaz de la Fuente,17/05/2022,24/01/2023,252,https://github.com/ylp1001/TFG-Actividades-culturales-CyL,https://www.youtube.com/watch?v=xxq3c07o8Uc,https://www.youtube.com/watch?v=aAqjcLGPY1M,,,
GII_O_MC_22.02 UBUExoWork cliente móvil<br> <a href=https://github.com/afn1001/UbuExoWorks>Repositorio software</a><br> <a href=https://youtu.be/cQHGhMlEc0c>Vídeo demostración</a> <br> <a href=https://youtu.be/LcvhlSqK0EA>Vídeo de presentación</a><br> <a href=https://app.codacy.com/gh/afn1001/UbuExoWorks/dashboard>Calidad de código</a>,GII_O_MC_22.02 UBUExoWork cliente móvil,"<p><strong>Descripción</strong></p>Cliente móvil UBUAppExoWorkSoftware que permitirá interactuar con el producto generado por el TFG UBUExoWorkSoftwarede para gestión presencial, traslados y gastos de trabajadores con movilidad. Permitirá fichar de manera geolocalizada e ingresar las rutas, dietas y gastos realizados durante la movilidad. Los trabajadores podrán solicitar vacaciones y cambios del horario a comprobar por la empresa. Hará uso de una API desarrollada en paralelo. 
<p><strong>Trabajos teóricos relacionados</strong></p>No consta
<p><strong>Trabajos prácticos relacionados </strong></p>No consta
<p><strong>Asignaturas recomendadas</strong></p>Arquitectura de Computadores, Aplicaciones de Bases de Datos, Desarrollo Avanzado de Sistemas Software, Diseño y Mantenimiento del Software, Estructuras de Datos, Gestión de la Información, Interacción Hombre/Máquina, Organización y Gestión de Empresas, Seguridad Informática, Sistemas Distribuidos, Validación y Pruebas",Pedro Renedo Fernández (Mención en Ingeniería del Software),,,17/05/2022,23/02/2023,282,https://github.com/afn1001/UbuExoWorks,https://youtu.be/cQHGhMlEc0c,https://youtu.be/LcvhlSqK0EA,https://app.codacy.com/gh/afn1001/UbuExoWorks/dashboard,https://github.com/afn1001/UbuExoWorks/releases,
GII_O_MA_22.09 Evaluación de simulaciones de proyectos en Github orientadas a docencia<br> <a href=https://github.com/lfx1001/avrela>Repositorio software</a><br> <a href=https://universidaddeburgos-my.sharepoint.com/:v:/g/personal/lfx1001_alu_ubu_es/ERCPdHOuRIlPqsVQwNANETIBoP3ekmhiAkRPIOreFY0bkw>Vídeo demostración</a> <br> <a href=https://universidaddeburgos-my.sharepoint.com/:v:/g/personal/lfx1001_alu_ubu_es/EUvVIVJKFVxDk2tiq4gcVNABDNvzBE553XRPG0Kfm6ChkQ?e=Wf2cv0>Vídeo de presentación</a><br> <a href=https://sonarcloud.io/summary/overall?id=lfx1001_avrela >Calidad de código</a>,GII_O_MA_22.09 Evaluación de simulaciones de proyectos en Github orientadas a docencia,"<p><strong>Descripción</strong></p>La simulación de tareas y gestión de cambios realizado en un repositorio de desarrollo software es una práctica que ayuda a los estudiantes a adquirir destrezas en herramientas y prácticas de agilidad en la gestión de proyectos. El objetivo de este TFG es desarrollar una aplicación que reciba como entrada la dirección del repositorio real, un periodo de tiempo y la dirección del repositorio simulado por el estudiante. Con estas entradas se tiene que analizar las diferencias en loss contenidos (evolución de cambios y gestión de tareas) del proyecto simulado respecto del real. A partir de estas diferencias se generará una rúbrica de evaluación que informe de los resultados de evaluación de la simulación. Lenguaje de programación y tipo de aplicación (web o escritorio) a elegir por el estudiante. 

<p><strong>Trabajos teóricos relacionados</strong></p>Prácticas ágiles https://www.agilealliance.org/agile101/subway-map-to-agile-practices/
<p><strong>Trabajos prácticos relacionados </strong></p>https://github.com/Joaquin-GM/GII_O_MA_19.07-Comparador-de-metricas-de-evolucion-en-repositorios-Software
<p><strong>Asignaturas recomendadas</strong></p>Desarrollo Avanzado de Sistemas Software, Diseño y Mantenimiento del Software, Estructuras de Datos, Sistemas Distribuidos, Validación y Pruebas",Carlos López Nozal (Mención Ingeniería del Software),,,29/09/2022,20/06/2023,264,https://github.com/lfx1001/avrela,https://universidaddeburgos-my.sharepoint.com/:v:/g/personal/lfx1001_alu_ubu_es/ERCPdHOuRIlPqsVQwNANETIBoP3ekmhiAkRPIOreFY0bkw,https://universidaddeburgos-my.sharepoint.com/:v:/g/personal/lfx1001_alu_ubu_es/EUvVIVJKFVxDk2tiq4gcVNABDNvzBE553XRPG0Kfm6ChkQ?e=Wf2cv0,https://sonarcloud.io/summary/overall?id=lfx1001_avrela ,,
GII_O_MA_22.10 Desarrollo y explotación de un chatbot para la asignatura de Practicum de Formación de Profesores de Lenguas Extranjeras<br> <a href=https://gitlab.com/tfg6300404/chatbob-practicum>Repositorio software</a><br> <a href=https://gitlab.com/tfg6300404/chatbob-practicum/-/blob/main/Videos%20y%20presentaci%C3%B3n/Presentaci%C3%B3n%20Aplicaci%C3%B3n.mp4>Vídeo demostración</a> <br> <a href=https://gitlab.com/tfg6300404/chatbob-practicum/-/blob/main/Videos%20y%20presentaci%C3%B3n/Presentaci%C3%B3n%20teor%C3%ADa.mp4>Vídeo de presentación</a><br>,GII_O_MA_22.10 Desarrollo y explotación de un chatbot para la asignatura de Practicum de Formación de Profesores de Lenguas Extranjeras,"<p><strong>Descripción</strong></p>Un chatbot es un software que simula conversaciones de tipo humano con los usuarios a través de mensajes de texto. Los chatbot conversacionales aplican modelos de procesamiento de lenguaje natural para emparejar cada pregunta con una respuesta. La aplicación de chatbots en contextos de enseñanza puede ayudar a guiar a los estudiantes a resolver sus dudas en la asignatura. El objetivo de este trabajo es implementar y desplegar un chatbot que ayude a los estudiantes del Prácticum de Formación de Profesores de Lenguas Extranjeras. Se parte de un documento guía que indica a los estudiantes como realizar su Practicum y su implementación en una plantilla Trello. Además, profesoras del área de filología inglesa validarán un documento de preguntas y respuestas que sirva para la creación del modelo conversacional. El lenguaje conversacional de modelado será inglés.

Las tareas a realizar desde el punto de vista técnico serán:
- Evaluar plataformas y frameworks de desarrollo gratuito de bots, seleccionando la más adecuada.
- Desarrollo con dicha selección previa de un bot que ayude a los alumnos de la asignatura de Practicum a resolver sus dudas sobre el funcionamiento de la asignatura.
- Integración del bot en una plataforma web (Moodle preferiblemente) o en otras plataformas utilizadas en la asignatura (e.g. Trello) o en aplicación móvil
- Explotar los datos obtenidos, obteniendo visualizaciones y aplicando técnicas de machine learning.

<p><strong>Trabajos teóricos relacionados</strong></p>Barros-del Río, M. A., Nozal, C. L., & Mediavilla-Martínez, B. (2022). Practicum management and enhancement through an online tool in foreign language teacher education. Social Sciences & Humanities Open, 6(1), 100273.

Song, D., Oh, E. Y., & Rice, M. (2017, July). Interacting with a conversational agent system for educational purposes in online courses. In 2017 10th international conference on human system interactions (HSI) (pp. 78-82). IEEE.

Adamopoulou, E., Moussiades, L. (2020). An Overview of Chatbot Technology. In: Maglogiannis, I., Iliadis, L., Pimenidis, E. (eds) Artificial Intelligence Applications and Innovations. AIAI 2020. IFIP Advances in Information and Communication Technology, vol 584. Springer, Cham. https://doi.org/10.1007/978-3-030-49186-4_31

<p><strong>Trabajos prácticos relacionados </strong></p>TFG - https://github.com/aav0038/UBU-CHATBOT
Plantilla Trello de gestión de prácticum - https://trello.com/b/4xhZnKYR/template-practicum
<p><strong>Asignaturas recomendadas</strong></p>Computación Neuronal y Evolutiva, Desarrollo Avanzado de Sistemas Software, Diseño y Mantenimiento del Software, Interacción Hombre/Máquina, Sistemas Distribuidos, Validación y Pruebas",Carlos López Nozal (Mención Ingeniería del Software),Ismael Ramos Pérez,Raúl Marticorena Sánchez (Mención Computación),06/10/2022,20/06/2023,257,https://gitlab.com/tfg6300404/chatbob-practicum,https://gitlab.com/tfg6300404/chatbob-practicum/-/blob/main/Videos%20y%20presentaci%C3%B3n/Presentaci%C3%B3n%20Aplicaci%C3%B3n.mp4,https://gitlab.com/tfg6300404/chatbob-practicum/-/blob/main/Videos%20y%20presentaci%C3%B3n/Presentaci%C3%B3n%20teor%C3%ADa.mp4,,,
GII_O_MA_22.07 Análisis de datos de temperatura y humedad de suelo procedentes de sensores IoT desplegados en un viñedo<br> <a href=https://github.com/jzx1003/GII_O_MA_22.07>Repositorio software</a><br> <a href=https://universidaddeburgos-my.sharepoint.com/:v:/g/personal/jzx1003_alu_ubu_es/EeDdavc3Dc5KmPmY3i-QcOoBjfDmz5-phjQ0EJyomT9StA?e=4nOx5D>Vídeo demostración</a> <br> <a href=https://universidaddeburgos-my.sharepoint.com/:v:/g/personal/jzx1003_alu_ubu_es/EZIw_-TCa8NLvLsUib9q5pYBtvKSE8uIgCMGwoaPZTzWgg?e=YH4HCQ>Vídeo de presentación</a><br>,GII_O_MA_22.07 Análisis de datos de temperatura y humedad de suelo procedentes de sensores IoT desplegados en un viñedo,"<p><strong>Descripción</strong></p>Este proyecto trata de analizar los datos de temperatura y humedad a distintas profundidades de sensores IoT repartidos a lo largo de un viñedo.
El proyecto abordaría la tarea de realizar visualizaciones interesantes sobre los mismos, así como su análisis, tratando de buscar correlaciones entre las medidas obtenidas y distintas variables ambientales o de características geológicas del suelo. Así mismo, se pretende encontrar modelos predictivos que permitan explicar el comportamiento de ciertas variables en función de las restantes e incluso anticipar la evolución futura en el corto plazo. Entre otras, se plantea el uso de técnicas de análisis de datos, regresión, análisis de componentes principales (PCA) o redes neuronales artificiales (ANN), en función de las necesidades que se detecten en la fase de visualización de los datos. El lenguaje de programación propuesto para desarrollar este TFG es Python con el uso de bibliotecas como TensorFlow, Matplotlib y plotly/dash.

<p><strong>Trabajos teóricos relacionados</strong></p>TFG: “Mejora de la herramienta web dinámica para la captación, tratamiento y presentación de datos relacionados con la coyuntura económica de burgos.”. Raquel Sancha Sánchez. 2021.
TFG: “Dashboard de visualización del uso y preferencias de los desarrolladores basado en las encuestas anuales de Stack Overflow”. Alba Bartolomé Beltrán. 2022.

<p><strong>Trabajos prácticos relacionados </strong></p>https://github.com/albarrom/GII_O_MA_21.05
https://github.com/RaquelSancha/GII_O_MA_20.04
<p><strong>Asignaturas recomendadas</strong></p>Computación Neuronal y Evolutiva, Gestión de la Información, Minería de Datos",Alejandro Merino Gómez (Mención en Ingeniería de Computadores),Rubén Ruiz González,,29/09/2022,12/07/2023,286,https://github.com/jzx1003/GII_O_MA_22.07,https://universidaddeburgos-my.sharepoint.com/:v:/g/personal/jzx1003_alu_ubu_es/EeDdavc3Dc5KmPmY3i-QcOoBjfDmz5-phjQ0EJyomT9StA?e=4nOx5D,https://universidaddeburgos-my.sharepoint.com/:v:/g/personal/jzx1003_alu_ubu_es/EZIw_-TCa8NLvLsUib9q5pYBtvKSE8uIgCMGwoaPZTzWgg?e=YH4HCQ,,,
GII_O_MA_22.13 Aplicación de Gestión de Quirófanos mediante Inteligencia Computacional<br> <a href=https://github.com/jesgararm/GestorQuirofanos>Repositorio software</a><br> <a href=https://universidaddeburgos-my.sharepoint.com/:v:/g/personal/jga1021_alu_ubu_es/EUIW71S-GTdKrZd_EkWMgnEBNnRWEBg5SidSACal7E8kxg?e=nUCu0d>Vídeo demostración</a> <br> <a href=https://universidaddeburgos-my.sharepoint.com/:v:/g/personal/jga1021_alu_ubu_es/EUIW71S-GTdKrZd_EkWMgnEBNnRWEBg5SidSACal7E8kxg?e=nUCu0d>Vídeo de presentación</a><br> <a href=https://universidaddeburgos-my.sharepoint.com/:v:/g/personal/jga1021_alu_ubu_es/EQHbwrRtbA9HpYoEMCHCS28BNwTjxAUyl-2vY5j9WXPuoA?e=wRN0x1&nav=eyJyZWZlcnJhbEluZm8iOnsicmVmZXJyYWxBcHAiOiJTdHJlYW1XZWJBcHAiLCJyZWZlcnJhbFZpZXciOiJTaGFyZURpYWxvZyIsInJlZmVycmFsQXBwUGxhdGZvcm0iOiJXZWIiLCJyZWZlcnJhbE1vZGUiOiJ2aWV3In19>Calidad de código</a>,GII_O_MA_22.13 Aplicación de Gestión de Quirófanos mediante Inteligencia Computacional,"<p><strong>Descripción</strong></p>La planificación quirúrgica es uno de los principales problemas que surgen a diario en nuestro entorno sanitario. 
Existen algunas publicaciones que tratan de estimar el tiempo de utilización de una sala de operaciones en función de varias variables mediante técnicas de aprendizaje supervisado.

En este trabajo trataremos de aplicar los conocimientos adquiridos en Deep Learning, junto a algoritmos de planificación, para diseñar un interfaz que permita al operador introducir una serie de huecos temporales(salas de quirófano, horarios...) junto a un listado de pacientes (y sus atributos asociados) con la finalidad de obtener como resultado la planificación quirúrgica adecuada conforme al modelo. 
<p><strong>Trabajos teóricos relacionados</strong></p>1. Bartek MA, Saxena RC, Solomon S, Fong CT, Behara LD, Venigandla R, Velagapudi K, Lang JD, Nair BG. Improving Operating Room Efficiency: Machine Learning Approach to Predict Case-Time Duration. J Am Coll Surg. 2019 Oct;229(4):346-354.e3. doi: 10.1016/j.jamcollsurg.2019.05.029.
2. Abbou, B.; Tal, O.; Frenkel, G.; Rubin, R.; Rappoport, N. Optimizing Operation Room Utilization—A Prediction Model. Big Data Cogn. Comput. 2022, 6, 76. https://doi.org/10.3390/bdcc6030076 
3. Lin, Y.-K.; Li, M.-Y. Solving Operating Room Scheduling Problem Using Artificial Bee Colony Algorithm. Healthcare 2021, 9, 152. https://doi.org/10.3390/healthcare9020152 
4. Chu, J.; Hsieh, C.-H.; Shih, Y.-N.; Wu, C.-C.; Singaravelan, A.; Hung, L.-P.; Hsu, J.-L. Operating Room Usage Time Estimation with Machine Learning Models. Healthcare 2022, 10, 1518. https://doi.org/10.3390/healthcare10081518 
<p><strong>Trabajos prácticos relacionados </strong></p>
<p><strong>Asignaturas recomendadas</strong></p>Algoritmia, Computación Neuronal y Evolutiva, Estructuras de Datos, Minería de Datos, Sistemas Inteligentes",Raúl Marticorena Sánchez (Mención Computación),Bruno Baruque Zanón,Daniel Urda Muñoz,04/11/2022,12/07/2023,250,https://github.com/jesgararm/GestorQuirofanos,https://universidaddeburgos-my.sharepoint.com/:v:/g/personal/jga1021_alu_ubu_es/EUIW71S-GTdKrZd_EkWMgnEBNnRWEBg5SidSACal7E8kxg?e=nUCu0d,https://universidaddeburgos-my.sharepoint.com/:v:/g/personal/jga1021_alu_ubu_es/EQHbwrRtbA9HpYoEMCHCS28BNwTjxAUyl-2vY5j9WXPuoA?e=wRN0x1&nav=eyJyZWZlcnJhbEluZm8iOnsicmVmZXJyYWxBcHAiOiJTdHJlYW1XZWJBcHAiLCJyZWZlcnJhbFZpZXciOiJTaGFyZURpYWxvZyIsInJlZmVycmFsQXBwUGxhdGZvcm0iOiJXZWIiLCJyZWZlcnJhbE1vZGUiOiJ2aWV3In19,,https://codeclimate.com/github/jesgararm/GestorQuirofanos,
GII_O_MA_22.06 XacoMeter II - Google trends and Google News<br> <a href=https://github.com/map10100/XacoMeter-Google>Repositorio software</a><br> <a href=https://www.youtube.com/watch?v=oI_IJIYf_RM>Vídeo demostración</a> <br> <a href=https://www.youtube.com/watch?v=oI_IJIYf_RM>Vídeo de presentación</a><br> <a href=https://youtu.be/XFjewVf0jsU>Calidad de código</a>,GII_O_MA_22.06 XacoMeter II - Google trends and Google News,"<p><strong>Descripción</strong></p>XacoMeter es un proyecto que pretende recoger información sobre el impacto en las redes sociales y medios de comunicación del Camino de Santiago, una de las rutas de peregrinación más importantes del mundo declarado patrimonio de la humanidad por la Unesco. En el primer TFG se desarrolló una herramienta de monitorización de tweets cuyos contenidos estuvieran relacionados con el Camino de Santiago. En esta segunda propuesta se pretende analizar el impacto del Camino de Santiago en los medios a través de Google Trends, con especial interés en los elementos patrimoniales vinculados al Camino de Santiago. El objetivo del TFG es desarrollar una herramienta que capture, almacene, analice y finalmente visualice tendencias de búsqueda relacionadas con los elementos patrimoniales del Camino de Santiago (series temporales, patrones cíclicos, cambios transitorios, etc.). También se puede complementar la información de tendencias con datos de presencia en medios de comunicación a través de Google News. 
<p><strong>Trabajos teóricos relacionados</strong></p>Siliverstovs, B., & Wochner, D. S. (2018). Google Trends and reality: Do the proportions match?: Appraising the informational value of online search behavior: Evidence from Swiss tourism regions. Journal of Economic Behavior & Organization, 145, 1-23.
<p><strong>Trabajos prácticos relacionados </strong></p>https://github.com/daniel2828/XacoMeter
<p><strong>Asignaturas recomendadas</strong></p>Aplicaciones de Bases de Datos, Gestión de la Información, Nuevas Tecnologías y Empresa",José Ignacio Santos Martín (Mención en Sistemas de Información),Virginia Ahedo García,Silvia Díaz de la Fuente,30/09/2022,12/07/2023,285,https://github.com/map10100/XacoMeter-Google,https://www.youtube.com/watch?v=oI_IJIYf_RM,https://youtu.be/XFjewVf0jsU,,https://googlexacometer2-f814f4b44bb3.herokuapp.com/,
GII_O_MC_23.02_IA-IVR<br> <a href=https://github.com/andonivianez/ubutfg-ai-callbo>Repositorio software</a><br>,GII_O_MC_23.02_IA-IVR,"<p><strong>Descripción</strong></p>Sistema telefónico de atención al cliente con IA

El proyecto consiste en la creación de un sistema de atención telefónica, vinculado a su vez a un sistema de inteligencia artificial, que interactúe con el cliente y la base de datos de la empresa, para poder realizar tareas que habitualmente realizaría una persona.
En éste caso se trata de una necesidad por parte de un cliente con el que trabajo, un distribuidor de neumáticos. Atiende alrededor de 100 llamadas diarias, siendo la gran mayoría para realizar pedidos que por ""pereza"", no realizan vía web. La idea sería poder atender mediante éste ""chatbot telefónico"" al cliente, identificándolo mediante un nº de teléfono presente en su ficha de cliente, y pudiendo así realizar un pedido, consultar su estado o enviar un mensaje a la empresa, todo ello sin requerir intervención directa por parte de un empleado.
La empresa en cuestión se trata de Titaneumaticos S.L. 
<p><strong>Trabajos teóricos relacionados</strong></p>Chen, C., Wang, Y., & Wang, H. (2019). Improving call center performance using machine learning. Journal of Business Research, 102, 230-241.

Rössler, A., & Wall, F. (2018). Artificial intelligence in customer service: An exploratory study on the drivers and impacts of AI use in call centers. Journal of Service Management Research, 2(1), 19-35.

Hong, S., Park, H., & Kim, K. (2019). Utilizing machine learning for predicting customer satisfaction in a call center. Computers in Human Behavior, 93, 92-99.

Zhai, Y., Wang, L., & Ye, Y. (2018). A systematic review of research on artificial intelligence applications in call centers. Journal of Information Science, 44(6), 745-761.

Aral, S., Brynjolfsson, E., & Wu, L. (2012). The productivity paradox of information technology: Review and assessment. Communications of the ACM, 55(7), 66-77.
<p><strong>Trabajos prácticos relacionados </strong></p>https://github.com/amazon-connect/amazon-connect-chatjs
https://github.com/aws-samples/amazon-connect-lex-better-together/blob/main/Implementation-Guide.md
<p><strong>Asignaturas recomendadas</strong></p>Aplicaciones de Bases de Datos, Diseño y Administración de Sistemas y Redes, Diseño y Mantenimiento del Software, Estructuras de Datos, Interacción Hombre/Máquina, Organización y Gestión de Empresas, Programación Concurrente y de Tiempo Real, Redes, Sistemas Inteligentes",Alejandro Merino Gómez (Mención en Ingeniería de Computadores),,,22/02/2023,12/07/2023,140,https://github.com/andonivianez/ubutfg-ai-callbo,,,https://dai.ly/k3dgXAa1Dl6DsKzgU1Z,,
GII_O_MA_22.11 Lista de comprobación de buenas prácticas de enseñanza en cursos Moodle<br> <a href=https://github.com/ada1012/eLearningQA>Repositorio software</a><br> <a href=https://dai.ly/k3dgXAa1Dl6DsKzgU1Z>Vídeo demostración</a> <br> <a href=https://dai.ly/k3dgXAa1Dl6DsKzgU1Z>Vídeo de presentación</a><br> <a href=https://dai.ly/k6uMuXbeiibhD9zgTQT>Calidad de código</a>,GII_O_MA_22.11 Lista de comprobación de buenas prácticas de enseñanza en cursos Moodle,"<p><strong>Descripción</strong></p>El objetivo del TFG es ayudar a profesores a mejorar sus dinámicas de enseñanza con los recursos y actividades de aprendizaje que diseñan e implementan en sus cursos de Moodle. Se parte de un TFG previo donde se han definido un conjunto reglas y métricas que consultan la información de los cursos con el API Web de Moodle. Con esta información la aplicación genera un informe donde se indica el cumplimiento de las reglas o los valores umbrales de las medidas de un curso concreto. La aplicación previa está desarrollada en Java con una versión Web (Spring) y otra de escritorio (JavaFX). En esta nueva versión se proponen las siguientes incrementos funcionales:


- Definir nuevas reglas del uso de cuestionarios en el curso sus medidas (índice de facilidad, calificación aleatoria, eficiencia discriminativa). Se deberán aplicar técnicas de webscraping para acceder a los datos de dichos cuestionarios en Moodle.
- Analizar la interacción en los foros mediante modelos de procesamiento de lenguaje natural para definir la regla de ""el profesor responde en el foro a los estudiantes antes 48 horas"".
- Personalización de las reglas utilizadas en la evaluación de un determinado curso Moodle
- Integrar las nuevas métricas y reglas en los informes de evaluación de los cursos Moodle.
- Internacionalización de la aplicación y de los informes
- Distribuir públicamente la aplicación desarrollada 
<p><strong>Trabajos teóricos relacionados</strong></p>Christian M Stracke, Esther Tan, António Moreira Texeira, Maria do Carmo Pinto, Bill Vassiliadis, Achilles Kameas, Cleo Sgouropoulou, and Gérard Vidal. Quality reference framework (qrf) for the quality of massive open online courses (moocs): Developed by mooq in close collaboration with all interested parties worldwide. 2018.

Muhammad AH, Siddique A, Youssef AE, Saleem K, Shahzad B, Akram A, Al-Thnian A-BS. A Hierarchical Model to Evaluate the Quality of Web-Based E-Learning Systems. Sustainability. 2020; 12(10):4071. https://doi.org/10.3390/su12104071

Mejía-Madrid G, Llorens-Largo F, Molina-Carmona R. Dashboard for Evaluating the Quality of Open Learning Courses. Sustainability. 2020; 12(9):3941. https://doi.org/10.3390/su12093941

Hiroshi Ueda, Motonori Nakamura. Data Analysis for Evaluation on Course Design and Improvement of “Cyberethics” Moodle Online Courses, Procedia Computer Science, Volume 112, 2017, Pages 2345-2353, ISSN 1877-0509, https://doi.org/10.1016/j.procs.2017.08.204.
<p><strong>Trabajos prácticos relacionados </strong></p>TFG https://github.com/RobertoArastiBlanco/eLearningQA
<p><strong>Asignaturas recomendadas</strong></p>Aplicaciones de Bases de Datos, Desarrollo Avanzado de Sistemas Software, Diseño y Mantenimiento del Software, Sistemas Distribuidos, Validación y Pruebas",Carlos López Nozal (Mención Ingeniería del Software),Raúl Marticorena Sánchez,,06/10/2022,12/07/2023,279,https://github.com/ada1012/eLearningQA,https://dai.ly/k3dgXAa1Dl6DsKzgU1Z,https://dai.ly/k6uMuXbeiibhD9zgTQT,https://sonarcloud.io/summary/overall?id=ada1012_eLearningQA,https://elearningqaquizandforums-bfe6b3c5090f.herokuapp.com/,
"GII_O_MA_21.03 Investigación, creación y explotación de modelos para el estudio del COVID-19 en pacientes del servicio cántabro de Salud.<br> <a href=https://github.com/sgg0008/ml-COVID-19>Repositorio software</a><br> <a href=https://youtu.be/sGoMh_xDQwg>Vídeo demostración</a> <br> <a href=https://youtu.be/sGoMh_xDQwg>Vídeo de presentación</a><br> <a href=https://youtu.be/b7AtJThKwcY>Calidad de código</a>","GII_O_MA_21.03 Investigación, creación y explotación de modelos para el estudio del COVID-19 en pacientes del servicio cántabro de Salud.","<p><strong>Descripción</strong></p>Para este TFG se cuenta con datos proporcionados por el Instituto de Investigación sanitaria de Valdecilla, el objetivo de este trabajo será la realización de herramientas inteligentes que proporcionen algún tipo información de interés para el facultativo médico en relación al tratamiento de pacientes con COVID-19.
<p><strong>Trabajos teóricos relacionados</strong></p>El-Rashidy, N., Abdelrazik, S., Abuhmed, T., Amer, E., Ali, F., Hu, J. W., & El-Sappagh, S. (2021). Comprehensive survey of using machine learning in the COVID-19 pandemic. Diagnostics, 11(7), 1155.
<p><strong>Trabajos prácticos relacionados </strong></p>
<p><strong>Asignaturas recomendadas</strong></p>Aplicaciones de Bases de Datos, Diseño y Mantenimiento del Software, Minería de Datos, Sistemas Inteligentes",Carlos López Nozal (Mención Ingeniería del Software),José Francisco Díez Pastor,,04/10/2021,12/07/2023,646,https://github.com/sgg0008/ml-COVID-19,https://youtu.be/sGoMh_xDQwg,https://youtu.be/b7AtJThKwcY,,,
